Model,Accuracy,Precision,Recall,F1
SVM,0.4883892370070033,0.4202158457728601,0.31944425526680736,0.34506124200943905
LogReg_SVD,0.4918908956874309,0.436512642139208,0.2690282125292273,0.2998655685533077
LogReg_W2V,0.40619240692959824,0.3039464948855554,0.17053508987948307,0.19398850607918708
KNN,0.3236269812016218,0.34264279390176267,0.09723665107626335,0.12149299072614413
NaiveBayes,0.3400294876520457,0.3802528671385169,0.062440627123046176,0.05980762233377201
RandomForest,0.2972723921857722,0.10310233902660744,0.037486496502889946,0.01970501097713622
