Model,Accuracy,Precision,Recall,F1
SVM,0.4919845218352681,0.4436931356071689,0.3441310341567573,0.37292708320495105
LogReg_SVD,0.48129721761562555,0.37523170501702297,0.2516843177610239,0.2734363760650144
LogReg_W2V,0.4096185737976783,0.3329475815303419,0.17445215889155213,0.19961415731494928
KNN,0.3161967938087341,0.3202549452024142,0.09280899479310377,0.11560828938596772
NaiveBayes,0.3381241938455869,0.3376991009083819,0.06060928658456233,0.05722476238901331
RandomForest,0.3021927400036853,0.09918631449794402,0.03877453067154633,0.022284873690187106
